arousal,valence,dominance
0.2674284,-0.031260893,-0.14273563
0.24490042,-0.02499292,-0.13180777
0.24393016,-0.013947976,-0.13632958
0.24279425,0.0012206249,-0.1401844
0.24177667,0.010062651,-0.1415431
0.24428672,0.029374003,-0.14320384
0.24819744,0.04743456,-0.14853394
0.24410933,0.07327831,-0.14724542
0.2422581,0.09263058,-0.14794947
0.23532212,0.12177631,-0.15135469
0.22524273,0.14245503,-0.14826992
0.2055218,0.15779763,-0.1535021
0.18785042,0.16865161,-0.16183943
0.17225142,0.17696217,-0.16957268
0.16059673,0.18178317,-0.15927044
0.14572246,0.18203868,-0.15624304
0.13696091,0.18489419,-0.16519172
0.13143118,0.1873688,-0.17390984
0.1225227,0.18426383,-0.1826829
0.11456013,0.17623353,-0.19839373
0.10851247,0.16845724,-0.21982186
0.10629232,0.16636506,-0.21154292
0.09731094,0.16016537,-0.21964762
0.0909,0.15911819,-0.20232
0.08358411,0.15769096,-0.1749877
0.074388094,0.15599772,-0.15368892
0.06497908,0.15309623,-0.1272649
0.054753155,0.14790139,-0.104572564
0.04510893,0.1382273,-0.080673404
0.03364134,0.12361804,-0.055991262
0.024687571,0.108360305,-0.047353733
0.02455448,0.10442492,-0.048005246
0.029317873,0.108404346,-0.04949889
0.032633528,0.11852346,-0.048895575
0.029222516,0.121719584,-0.044083606
0.022419708,0.12081619,-0.0382692
0.014541402,0.11837619,-0.032279454
0.0074652242,0.11674995,-0.027059058
0.0010247394,0.11541152,-0.022134328
-0.0052801045,0.114872925,-0.018205438
-0.011519202,0.114995465,-0.015319423
-0.019311449,0.11573861,-0.015552301
-0.024421692,0.1136603,-0.014224519
-0.027213754,0.11011331,-0.011778657
-0.0291746,0.106297866,-0.009315739
-0.030530721,0.10263209,-0.007444658
-0.03164616,0.100219056,-0.005662678
-0.032000322,0.0985065,-0.004853242
-0.03037067,0.097400464,-0.0041665705
-0.027351173,0.09666808,-0.0041306326
-0.0253093,0.095148325,-0.004968355
-0.025915556,0.09218058,-0.0056508235
-0.030036204,0.08673848,-0.006003086
-0.036816504,0.07966213,-0.0049319253
-0.038635395,0.07666318,-0.0057222443
-0.036893178,0.074071355,-0.012824446
-0.038498223,0.07265644,-0.02987545
-0.04693398,0.07643526,-0.055391174
-0.056709442,0.07877031,-0.081351876
-0.06055598,0.08143271,-0.09618897
-0.03670282,0.08104693,-0.10025248
0.009182455,0.09295546,-0.11310111
0.046105713,0.1059059,-0.12094821
0.07452195,0.11675212,-0.12611464
0.07925507,0.12349381,-0.10886565
0.07193427,0.122930214,-0.08867234
0.060897347,0.11676464,-0.068971455
0.051307473,0.10694751,-0.05034091
0.047462482,0.09466851,-0.040001556
0.04585518,0.09066633,-0.036513012
0.040429868,0.090180054,-0.030034544
0.04996671,0.086713485,-0.028915724
0.058247626,0.080694914,-0.036673103
0.05460066,0.07661821,-0.045341
0.04337716,0.07275341,-0.049574353
0.02898234,0.06882109,-0.052814845
0.023140512,0.072671495,-0.055382844
0.031245945,0.084194,-0.06774405
0.043227468,0.104438365,-0.08867255
0.052626908,0.12600315,-0.1151685
0.053229988,0.14194046,-0.12801097
0.048883177,0.15357012,-0.13511011
0.038850393,0.16608895,-0.14422387
0.03661301,0.17101233,-0.1599885
0.050109185,0.1645492,-0.1746258
0.056829594,0.1636133,-0.15961309
0.054183766,0.16111967,-0.13690679
0.046223447,0.15597631,-0.11331317
0.03408004,0.1489628,-0.09044102
0.01947374,0.14075302,-0.06933464
0.0027476577,0.13109747,-0.050574046
-0.015932607,0.1181593,-0.03489517
-0.0164796,0.103848554,-0.032826334
-0.013541447,0.09828586,-0.030629518
-0.008397629,0.10142575,-0.013339456
0.00786364,0.114866346,0.010397244
0.023552017,0.12256186,0.0123892315
0.025410958,0.12829158,0.02249784
0.023978474,0.14022413,0.037706733
0.022690224,0.1487883,0.03811709
0.016703827,0.140422,0.018848782
0.015986532,0.13575391,0.0032504965
0.01947512,0.13688245,-0.019570546
0.016028123,0.14056672,-0.043887343
0.014732549,0.13777635,-0.0584078
0.016505778,0.13839251,-0.06784174
0.013637521,0.14135006,-0.0838178
0.010884875,0.14804699,-0.10174838
0.0035450072,0.15569714,-0.116730765
0.00070613436,0.15890828,-0.11537972
0.0033910454,0.15434901,-0.1075301
0.009134109,0.15005034,-0.10262632
0.018930819,0.14429685,-0.10303773
0.029103175,0.14478235,-0.107471034
0.044128194,0.14614713,-0.12395794
0.05400297,0.14926182,-0.11377199
0.054823156,0.14988048,-0.117688194
0.057348922,0.15429318,-0.12117305
0.05906064,0.16271362,-0.12276014
0.06459117,0.16844949,-0.120238334
0.07654323,0.16717277,-0.112091646
0.08330369,0.17204444,-0.101430096
0.08816378,0.17457315,-0.08412962
0.09381099,0.17621115,-0.0737988
0.100976095,0.18001054,-0.064422816
0.11102362,0.18039273,-0.06411307
0.12693717,0.17628433,-0.068868436
0.14894813,0.17246589,-0.069199875
0.17130238,0.17447291,-0.07712244
0.19043165,0.16873123,-0.090141274
0.2077328,0.15922943,-0.09564018
0.22303835,0.15733786,-0.09707055
0.23451006,0.15999138,-0.098281905
0.23340349,0.17178448,-0.101128764
0.21450526,0.17905015,-0.09033837
0.18624343,0.17893241,-0.07283059
0.15565917,0.17581046,-0.057998955
0.1266311,0.1718919,-0.048657883
0.100148916,0.1678371,-0.04504672
0.07861451,0.1644043,-0.04724488
0.0684316,0.17101789,-0.05688612
0.07017333,0.18062088,-0.068897076
0.068764314,0.19389758,-0.08253519
0.06586891,0.20412539,-0.10082662
0.06492514,0.21196495,-0.114016324
0.07474156,0.2153201,-0.13120636
0.08331096,0.21761554,-0.14284527
0.08779354,0.22219755,-0.1644609
0.08596979,0.22470416,-0.19335692
0.08606758,0.22412679,-0.21847501
0.084409,0.22477432,-0.2406171
0.07591733,0.22286212,-0.2561512
0.07198574,0.21423307,-0.2706749
0.07257146,0.20493166,-0.27652356
0.074680336,0.19532451,-0.28078768
0.073857136,0.18621604,-0.2866958
0.07762273,0.17703754,-0.28426236
0.08413261,0.17303696,-0.27809477
0.091050304,0.16525121,-0.27154312
0.09821181,0.15886508,-0.26683053
0.10799889,0.1546354,-0.2649191
0.123435825,0.14996883,-0.26136497
0.12935245,0.14950809,-0.27204597
0.1297678,0.14774328,-0.2822874
0.12718485,0.14361343,-0.27246302
0.13626343,0.14052808,-0.24728484
0.13888158,0.13547643,-0.22311892
0.1424463,0.1326873,-0.19626448
0.14455467,0.13278255,-0.16988997
0.14503483,0.13104902,-0.14788663
0.15074717,0.13616821,-0.12919402
0.168842,0.14392379,-0.111771524
0.17652154,0.14950177,-0.09843835
0.16398805,0.14936449,-0.075829454
0.14130972,0.14465608,-0.05325798
0.115243055,0.13211153,-0.043217823
0.091910236,0.12181386,-0.032137178
0.065433264,0.11123003,-0.01702952
0.03558807,0.09620171,-0.0015618736
0.033023488,0.09775588,-0.008737388
0.033123035,0.095696755,-0.0109212985
0.039692722,0.08102784,-0.018858837
0.036626518,0.073840864,-0.0098311715
0.024458483,0.06228888,0.0023747003
0.013371546,0.03522572,0.022975888
0.009807841,0.02634998,0.03192972
0.011793872,0.029631663,0.033170946
0.021528406,0.04385829,0.028746698
0.037409477,0.06251561,0.01790775
0.042785663,0.07409468,0.011706039
0.040071994,0.08037895,0.01015875
0.035722155,0.08314521,0.0064841933
0.02915183,0.08477411,0.004998311
0.020990366,0.08596947,0.004919933
0.0127548,0.08692577,0.0052818754
0.0056664604,0.08726015,0.0060300548
-0.00021642772,0.08592433,0.006804093
-0.0051956605,0.08124196,0.006172624
0.006953712,0.07451249,-0.007141027
0.029141698,0.07237062,-0.027842253
0.04545042,0.061984655,-0.04854818
0.059539348,0.050868552,-0.07326283
0.0648056,0.049814086,-0.07189723
0.06378839,0.048935995,-0.0671567
0.055419788,0.04820431,-0.05578102
0.039661933,0.043095782,-0.041981064
0.023897458,0.012371123,-0.031424493
0.019519962,-0.0033760155,-0.029953444
0.022429816,-0.0004092909,-0.0353739
0.031999595,0.014583071,-0.046483
0.03713947,0.025880355,-0.056003556
0.045383066,0.04037083,-0.06533293
0.06644832,0.06021469,-0.07506252
0.09037251,0.08338542,-0.09111763
0.10862836,0.10513021,-0.11783768
0.11666183,0.11983391,-0.11713787
0.10715814,0.12278126,-0.114706144
0.09091668,0.118048534,-0.119445026
0.08306849,0.11049773,-0.11673031
0.08293297,0.101787515,-0.10831513
0.09272024,0.09346848,-0.09423566
0.11148998,0.07874824,-0.09039546
0.13290864,0.0770634,-0.08254429
0.15043862,0.08312047,-0.08251358
0.16169275,0.09275344,-0.10666844
0.1586563,0.10314894,-0.12014331
0.14990938,0.11142849,-0.11947021
0.13409686,0.11987627,-0.10398128
0.1162782,0.12300659,-0.08815233
0.09721926,0.12324757,-0.073618956
0.07964147,0.12109634,-0.061809793
0.063680604,0.11797184,-0.051680587
0.049370144,0.11459858,-0.043610193
0.03615602,0.11102366,-0.036976997
0.02463287,0.10682506,-0.031836603
0.014642209,0.10203895,-0.028707042
0.0056533637,0.09618456,-0.026758507
-0.003974904,0.088336155,-0.025250299
-0.01232831,0.08169667,-0.030012332
-0.009634407,0.08339377,-0.039509702
0.0077257976,0.09956802,-0.059449375
0.022728235,0.11214237,-0.078574926
0.03265761,0.1240149,-0.1019337
0.04851392,0.12702614,-0.11690992
0.062960304,0.123353615,-0.1224889
0.075661354,0.12114271,-0.12735906
0.08826503,0.11826635,-0.13145715
0.100940906,0.11849076,-0.12501007
0.11643462,0.11798776,-0.11266295
0.14067294,0.12213914,-0.09956971
0.14491418,0.12637076,-0.09217262
0.13112202,0.12868151,-0.07218902
0.108962074,0.12546982,-0.051674746
0.08852539,0.11580047,-0.034365915
0.07076802,0.100070685,-0.017757647
0.055309378,0.07231117,-0.010920413
0.06673351,0.051107068,-0.0012932103
0.08164482,0.03395619,0.01926914
0.08020002,0.03173923,0.026462968
0.08643257,0.035705462,0.047336876
0.09980228,0.04597958,0.060736865
0.114776835,0.047880128,0.05576945
0.11364214,0.05106345,0.049182788
0.100310825,0.05116014,0.04786333
0.094812706,0.03507352,0.03956099
0.08911921,0.02432144,0.0210776
0.08663273,0.01957996,-0.009621158
0.0760254,0.026137803,-0.01658798
0.061183624,0.03114416,-0.016942807
0.046256945,0.030943915,-0.012218105
0.030101465,0.019437332,-0.009337529
0.017137293,-0.0026636356,-0.006741365
0.018262703,-0.012725341,-0.008232076
0.021866597,-0.019690998,-0.0140827745
0.02117884,-0.014900452,-0.022036076
0.014287035,-0.013792174,-0.01330792
0.00050597545,-0.02250172,-0.0013770517
-0.004609079,-0.04555461,0.016568549
-0.0046666823,-0.056898832,0.026735075
-0.0038066807,-0.05539158,0.017535878
0.009136297,-0.03936814,-0.00020735431
0.03201088,-0.014844449,-0.033982288
0.044734307,0.011614033,-0.05778245
0.049514227,0.033262562,-0.08029503
0.050186254,0.051425263,-0.10628276
0.051996946,0.06966811,-0.10810082
0.047676153,0.075657785,-0.121105745
0.042242475,0.08702985,-0.1293017
0.03684751,0.0903009,-0.12888348
0.041934427,0.09756832,-0.12433569
0.056945268,0.113449186,-0.11502368
0.07262228,0.12336796,-0.10399008
0.07671216,0.12890565,-0.087499455
0.0732557,0.12942065,-0.07901457
0.078901336,0.12168278,-0.08486744
0.08826692,0.11589151,-0.0885622
0.10572079,0.11263271,-0.095628776
0.12834515,0.10200599,-0.10357733
0.14390115,0.09577819,-0.10896208
0.15650566,0.09052499,-0.10518965
0.16930096,0.08745581,-0.09979723
0.17841175,0.08888779,-0.08930877
0.18938059,0.097571306,-0.077812396
0.19958304,0.110173635,-0.06919551
0.20647109,0.12230164,-0.0656543
0.19580045,0.12697747,-0.050710656
0.17240888,0.12535344,-0.03124227
0.14649664,0.11823745,-0.012100741
0.11924914,0.10683113,0.0062100254
0.11819161,0.095652156,0.027163373
0.12893116,0.08569744,0.036658205
0.120456524,0.07645307,0.03631132
0.11051372,0.07210851,0.03436137
0.101788685,0.06175983,0.028223611
0.08765696,0.06279206,0.024674753
0.071306854,0.066647656,0.022249866
0.055663448,0.07095371,0.019942718
0.0436628,0.069248706,0.010649217
0.037532322,0.06028063,-0.004581389
0.029873718,0.042199127,-0.021058481
0.028028967,0.035090216,-0.038875595
0.02423208,0.033749264,-0.061163917
0.0147611955,0.037645772,-0.09117677
0.017207095,0.04385282,-0.08932257
0.017940607,0.04953719,-0.07707887
0.01648163,0.054719098,-0.06110063
0.013723257,0.05814919,-0.0447707
0.015629642,0.0571384,-0.03383791
0.0319037,0.05379135,-0.04862475
0.03696576,0.053455673,-0.052364334
0.03275463,0.058977395,-0.048893094
0.03326622,0.07113617,-0.061093204
0.036611795,0.07972245,-0.079532735
0.03978867,0.08075111,-0.078649014
0.038727697,0.08063274,-0.06857816
0.03494109,0.08035615,-0.05698014
0.030837052,0.079241246,-0.04701943
0.024138985,0.077511676,-0.038139794
0.014277857,0.07455443,-0.030637568
0.021631904,0.0679302,-0.027705505
0.02585886,0.06429879,-0.02443641
0.028824855,0.06404536,-0.022415636
0.02626655,0.06683644,-0.01759612
0.017860783,0.07082465,-0.014224742
0.023194097,0.07007403,-0.02179821
0.04898118,0.068855554,-0.0278419
0.05449455,0.06982251,-0.028545626
0.046358943,0.07232862,-0.026401902
0.03420683,0.07455079,-0.027501758
0.031101266,0.077641204,-0.03579434
0.055786163,0.07781488,-0.045127086
0.078804106,0.07295147,-0.06406945
0.08204354,0.067821704,-0.0709688
0.07718926,0.06305183,-0.06807703
0.06920437,0.059536234,-0.062019486
0.056580845,0.058740184,-0.05272096
0.040609386,0.05754675,-0.04423988
0.048736356,0.04892832,-0.045480654
0.072677776,0.050807513,-0.05074487
0.07791424,0.057282954,-0.042577032
0.07165627,0.06228689,-0.032281686
0.060842086,0.06669124,-0.02417218
0.047716092,0.07019499,-0.017591938
0.0334191,0.073127516,-0.012214981
0.018483229,0.07708526,-0.007196063
0.022589667,0.09455864,-0.0013698358
0.031442963,0.10704507,0.00050102256
0.040381473,0.11029528,0.006649406
0.044489566,0.104639545,0.014911873
0.04272508,0.096117854,0.022199716
0.036053844,0.08476539,0.029606398
0.023558645,0.07383554,0.03814107
0.026627898,0.06340578,0.04720866
0.045293324,0.06700505,0.049527533
0.07263649,0.0759965,0.039442927
0.101498045,0.0941416,0.019506194
0.11192406,0.111439064,0.0070915027
0.11853789,0.12794738,-0.008247383
0.1261646,0.13750273,-0.02662403
0.13396491,0.1412674,-0.041498713
0.13623004,0.14032105,-0.042903777
0.1275738,0.13562952,-0.037318107
0.11190009,0.12996301,-0.026652655
0.09092722,0.12492129,-0.014516827
0.074109554,0.12006403,-0.0045554554
0.05695784,0.10363819,0.0061047827
0.042925898,0.09611867,0.010775993
0.059637025,0.10109802,0.007526163
0.07722541,0.09667194,0.0052757114
0.090475634,0.07056003,-0.0029126853
0.093312904,0.04468151,-0.018734701
0.091929264,0.02019821,-0.041679427
0.09093416,0.0045437887,-0.06283915
0.08688988,-0.0015928627,-0.07366342
0.07140886,0.0024017114,-0.07490846
0.05791275,0.013724402,-0.077637024
0.05934621,0.022863049,-0.09217269
0.06372835,0.03049677,-0.08709812
0.055805538,0.03318613,-0.067437544
0.04676248,0.02212561,-0.04512866
0.047789488,0.0004464537,-0.015302185
0.07097991,-0.0048557846,0.018098641
0.086184025,0.0008569828,0.047017742
0.086186334,0.0057287123,0.062060364
0.08668237,0.015255395,0.062534384
0.09816342,0.031769343,0.05552288
0.09884581,0.04738179,0.03790751
0.09830451,0.06412016,0.020203184
0.088133074,0.07786054,-0.0034463573
0.07879361,0.09494242,-0.015548592
0.07244536,0.110135615,-0.019521141
0.0646286,0.135872,-0.021414893
0.068256624,0.15864322,-0.019409658
0.0816403,0.17535114,-0.026807427
0.09638536,0.19036071,-0.0374537
0.114090905,0.2046729,-0.047702312
0.12982398,0.22014354,-0.059132364
0.15286782,0.23036285,-0.06764207
0.17542316,0.23365843,-0.07970047
0.2005553,0.23144731,-0.089432955
0.22556365,0.22936511,-0.09883049
0.2441701,0.22571723,-0.10719074
0.26091984,0.22591883,-0.11806238
0.27145725,0.23091355,-0.13121368
0.27810967,0.23497516,-0.14219202
0.27448797,0.23991512,-0.14927602
0.26585928,0.23707964,-0.15138091
0.27068433,0.22761475,-0.15210697
0.27152604,0.21803704,-0.16072227
0.27010614,0.21150705,-0.1666838
0.2632286,0.20418318,-0.1718231
0.269678,0.2001116,-0.15662757
0.2486376,0.20030977,-0.13491358
0.21730386,0.19531465,-0.11117158
0.18369168,0.18705143,-0.0900085
0.15233204,0.17693882,-0.072696276
0.12409332,0.16563773,-0.05862664
0.1001707,0.15448695,-0.048313074
0.079760686,0.14504534,-0.039270215
0.06325459,0.13708833,-0.032230727
0.049435414,0.1314528,-0.024823798
0.037790287,0.12731807,-0.017476916
0.028140938,0.12574638,-0.0098654125
0.042426143,0.12178768,-0.0045060855
0.06466058,0.12404519,-0.0056937207
0.08568236,0.12531832,-0.021199185
0.09253823,0.123462096,-0.011796126
0.084708035,0.11286429,0.0077049853
0.07394201,0.08481401,0.029505141
0.06474782,0.053467706,0.041635454
0.05308158,0.045646273,0.042454585
0.05149928,0.06393306,0.04339628
0.06928075,0.08020465,0.03132814
0.09940491,0.07960231,0.00992263
0.10831405,0.07696582,-0.0059249643
0.100949414,0.07279809,-0.01661872
0.08484185,0.06765635,-0.025904326
0.062078938,0.05993622,-0.03571322
0.053732414,0.051003598,-0.052300315
0.05952785,0.055403404,-0.07049057
0.061634842,0.06280278,-0.08309757
0.05717393,0.07469732,-0.0975884
0.054150097,0.0850051,-0.1152994
0.057513528,0.089311406,-0.10471215
0.054861166,0.09022298,-0.087549664
0.049569257,0.088275455,-0.06819718
0.043468237,0.08323119,-0.049269356
0.03753319,0.07437902,-0.031554647
0.027748475,0.06295836,-0.015255288
0.034257293,0.04389822,0.0035508843
0.050217018,0.030182471,0.014492007
0.06574032,0.026474541,0.01550838
0.074193016,0.026409008,0.010108002
0.07332133,0.026182037,-0.00380095
0.08844072,0.017958494,-0.020120803
0.09826116,0.017368006,-0.039729156
0.10251632,0.026311602,-0.046576906
0.09520207,0.036548823,-0.036896206
0.08002691,0.043118656,-0.018478107
0.05945276,0.044350646,0.008173906
0.059467115,0.023997404,0.042128682
0.085479796,0.018603547,0.053307377
0.1128295,0.028680108,0.0542724
0.14048398,0.043573134,0.039786503
0.13912681,0.060085386,0.023481473
0.12555139,0.06950393,0.017680708
0.10694176,0.074370876,0.016036062
0.08675727,0.07642359,0.014780546
0.06694102,0.07774386,0.0135386195
0.046579875,0.07874079,0.010577644
0.03435312,0.07781586,-0.002030355
0.036584966,0.093093865,-0.02272201
0.03514246,0.10529958,-0.030444589
0.032009732,0.11644101,-0.02759517
0.027242387,0.12453663,-0.021838998
0.024265192,0.12457652,-0.027084935
0.025123484,0.13114437,-0.033606153
0.042559505,0.13134319,-0.044254813
0.06463545,0.12286518,-0.056310765
0.06628173,0.1178166,-0.049852636
0.05532582,0.11097034,-0.039044984
0.03606642,0.101740785,-0.02860163
0.012708824,0.091032535,-0.02141556
-0.0006023543,0.09259199,-0.0074134143
-0.004294511,0.10761113,-0.009647163
0.011327406,0.13506524,-0.021788426
0.043475434,0.13518539,-0.04339993
0.05491828,0.13311726,-0.037655376
0.051336844,0.12466004,-0.028003218
0.04006114,0.112873614,-0.016632166
0.02359736,0.09882498,-0.004106188
0.0072706435,0.08355906,0.009857578
0.01585269,0.065606095,0.03520444
0.041897267,0.061753124,0.055880044
0.07400486,0.06776521,0.06644106
0.096178785,0.078689545,0.05606646
0.108812444,0.09588359,0.03464236
0.12503105,0.11626078,0.01039733
0.13099799,0.13742726,-0.013317441
0.13299967,0.15709634,-0.036388583
0.13237672,0.1681515,-0.055984095
0.1306059,0.18096426,-0.06555023
0.13550635,0.19026464,-0.06474184
0.14765172,0.19700682,-0.068634346
0.1446494,0.20173618,-0.07019982
0.13029972,0.19860488,-0.071150854
0.12057046,0.19668312,-0.076788254
0.11527958,0.18655998,-0.07227915
0.118484125,0.19222389,-0.066522196
0.12066782,0.20367673,-0.058837302
0.12465662,0.21196625,-0.05381849
0.1315095,0.21848015,-0.051410332
0.13797987,0.22880471,-0.059113003
0.1467559,0.23819959,-0.0726149
0.14647709,0.23478904,-0.06970262
0.13535777,0.22398922,-0.06261603
0.120489314,0.20990585,-0.062426776
0.10555304,0.19773616,-0.059645794
0.09189976,0.18195401,-0.06348257
0.0775635,0.16684772,-0.065156244
0.067962445,0.15435772,-0.062186845
0.06527084,0.14887051,-0.05148967
0.08231038,0.14742287,-0.047441717
0.0916668,0.15371032,-0.067686796
0.093657255,0.15853782,-0.061543092
0.08712235,0.15971594,-0.053100806
0.08405372,0.16347404,-0.05144977
0.07967214,0.16618802,-0.041127887
0.07484469,0.1672476,-0.03256454
0.06839911,0.166544,-0.024772376
0.060900133,0.16754998,-0.022378715
0.053621374,0.17445913,-0.029319163
0.05793688,0.1844504,-0.05011149
0.065261945,0.1925143,-0.06780659
0.06305039,0.1867358,-0.070927344
0.053610526,0.17455064,-0.06439079
0.03939532,0.15879837,-0.055466816
0.022370465,0.13928261,-0.048116688
0.0033621062,0.11764791,-0.041454602
-0.0034452456,0.09978373,-0.040912822
0.006361106,0.09295529,-0.0507591
0.019006466,0.09382813,-0.06618953
0.039925545,0.10014537,-0.087958485
0.061388545,0.10518332,-0.11701338
0.07556401,0.103178635,-0.14753045
0.07995127,0.09378483,-0.17898983
0.08052775,0.084429696,-0.20745687
0.077546276,0.07804872,-0.22949359
0.07164689,0.07317442,-0.24412265
0.06689214,0.072952196,-0.2580176
0.059517875,0.0791926,-0.27500567
0.05518435,0.095615774,-0.29511958
0.055767667,0.11678699,-0.2769706
0.052426707,0.1283542,-0.2760422
0.059309967,0.138837,-0.28156
0.063945405,0.14769804,-0.28873715
0.0661998,0.1497445,-0.26895708
0.056593705,0.14297435,-0.26742777
0.050508942,0.1407406,-0.27785826
0.041163683,0.1365145,-0.285353
0.03393864,0.13283692,-0.2897973
0.033517107,0.13403346,-0.2811694
0.046521157,0.137782,-0.26574162
0.06142734,0.14842777,-0.2593113
0.07219945,0.15293369,-0.22467509
0.07066879,0.1501397,-0.18846649
0.06316305,0.14426643,-0.15582347
0.05228584,0.13802668,-0.13189182
0.039411247,0.12857623,-0.11657451
0.038057316,0.12091583,-0.115149125
0.05222068,0.1086399,-0.113174684
0.057966247,0.10682146,-0.12964253
0.07072722,0.1066937,-0.15278208
0.087012485,0.112497404,-0.1754843
0.10500586,0.120507084,-0.19224942
0.12327969,0.12151714,-0.19830266
0.15208615,0.11861415,-0.19670746
0.16842212,0.11000019,-0.20503694
0.17935874,0.10277373,-0.20036203
0.17764133,0.10035,-0.19216734
0.18891464,0.097060606,-0.17814457
0.19773561,0.101865515,-0.16586131
0.20582314,0.10245591,-0.1484413
0.21219935,0.10232314,-0.13276777
0.21539512,0.11164791,-0.13198677
0.20687187,0.11325773,-0.11687847
0.18294564,0.11167547,-0.096077695
0.15504627,0.10783815,-0.07659889
0.12847044,0.102924004,-0.06049308
0.10646865,0.09663063,-0.0480271
0.091363125,0.088758424,-0.039664242
0.09439437,0.07609266,-0.03343189
0.093477346,0.05978693,-0.035146113
0.08718876,0.042966582,-0.044709668
0.07216459,0.03262616,-0.06022086
0.054435927,0.029224733,-0.080124766
0.04433615,0.030033702,-0.10514635
0.05423327,0.039603293,-0.12470579
0.058606084,0.053359993,-0.11007079
0.058102205,0.057976514,-0.090696454
0.05026683,0.059795883,-0.07093001
0.04589655,0.05117396,-0.059708185
0.052737053,0.047377385,-0.047292557
0.07308705,0.036977097,-0.03725217
0.08212626,0.03362914,-0.02745171
0.07902803,0.0349815,-0.016961696
0.0689446,0.037477605,-0.007294001
0.054279704,0.04008378,0.0002776659
0.03628279,0.041691475,0.005948034
0.033763118,0.041915767,0.009958223
0.040029496,0.047820408,0.011420936
0.0470065,0.05663562,0.0092616165
0.054816153,0.06506275,0.007345318
0.056819133,0.078959286,0.009199289
0.06033258,0.087789595,0.0039417325
0.061763488,0.086633965,0.008557184
0.059548143,0.07986043,0.01527508
0.054249234,0.07140697,0.027214745
0.045155335,0.058889132,0.042347483
0.02783061,0.047311854,0.058487266
0.010389703,0.018479623,0.08342497
0.0040028486,0.0016976157,0.10062938
0.0037545755,0.00069562724,0.10599722
0.006015609,0.0050204042,0.10319883
0.014808483,0.015856044,0.09785033
0.043055233,0.025729686,0.08135412
0.0890207,0.01070611,0.061275486
0.12012166,-0.008184484,0.062324964
0.13882159,-0.020701798,0.06759958
0.14207284,-0.015570072,0.064103216
0.12909743,-0.009230955,0.06653325
0.108355016,-0.00497441,0.07289853
0.107242234,-0.0010439097,0.09118736
0.11480315,0.019543884,0.104839236
0.13253763,0.04408147,0.10748515
0.15039815,0.06889142,0.09427817
0.1532349,0.0860704,0.07975708
0.14006147,0.09876663,0.06866676
0.12261615,0.10891504,0.05965197
0.123938836,0.12753412,0.048290573
0.1185354,0.13595538,0.032042205
0.10386856,0.13911481,0.023438167
0.085225046,0.13954341,0.017272595
0.06605482,0.13798803,0.011171583
0.06532457,0.13825575,-0.007619464
0.078636706,0.12915678,-0.02909464
0.07545573,0.12329197,-0.031925004
0.058664568,0.10832243,-0.02847427
0.038184572,0.0855943,-0.026920272
0.027538182,0.06971188,-0.013386095
0.025524078,0.07134157,-0.005011885
0.03825994,0.08905583,-0.010298919
0.060395397,0.10319216,-0.034832954
0.068270594,0.10557522,-0.03616465
0.060362905,0.098145306,-0.030706678
0.042451195,0.081809506,-0.023663081
0.034871608,0.049065135,-0.0172313
0.046093486,0.042611867,-0.02070149
0.06868479,0.05715873,-0.04076759
0.092004895,0.08376102,-0.073934555
0.11041403,0.11621168,-0.10489376
0.12596747,0.1497114,-0.11951481
0.13941084,0.17279708,-0.122750595
0.15022436,0.18341964,-0.11864757
0.15100254,0.18707404,-0.11043304
0.14750239,0.18247567,-0.092611745
0.1352097,0.17658842,-0.07630768
0.11745092,0.16871187,-0.062217325
0.097462535,0.15839127,-0.05306101
0.07710294,0.1460674,-0.047093224
0.07477545,0.13864854,-0.04191226
0.08704679,0.1405575,-0.040527865
0.104784936,0.14746521,-0.04652249
0.12521663,0.15480252,-0.05978091
0.13573115,0.16518807,-0.079675615
0.13567527,0.17702982,-0.0998004
0.14220819,0.18560728,-0.115331694
0.1538884,0.19203553,-0.12584585
0.14713232,0.19800638,-0.12087166
0.1296494,0.19514073,-0.104309864
0.10799899,0.18661445,-0.088362284
0.08828627,0.17326772,-0.07601218
0.071113385,0.15919587,-0.06255461
0.05595591,0.14592081,-0.051666074
0.039074592,0.13614239,-0.04062764
0.021089703,0.12613723,-0.03353472
0.0027076667,0.114875846,-0.028917754
-0.018450757,0.10327638,-0.022524074
-0.022527505,0.09232831,-0.011810958
-0.020905316,0.086605966,-0.015499704
-0.019884687,0.084827915,-0.02887959
-0.02037837,0.086388215,-0.039497323
-0.024473635,0.09417582,-0.04586415
-0.026360363,0.09420386,-0.05601519
-0.033470564,0.09389804,-0.06087175
-0.025366178,0.09490632,-0.05287529
-0.020756954,0.0907792,-0.03950564
-0.013269158,0.08136525,-0.0307333
-0.009851975,0.07518248,-0.014522514
-0.014393862,0.069334954,0.0036421726
-0.023239257,0.046036698,0.028812233
-0.021620473,0.038293906,0.043581598
-0.01385241,0.043297503,0.04259762
0.005772002,0.055828184,0.031806465
0.022712713,0.062545866,0.020806607
0.029525531,0.065182045,0.01620173
0.026368877,0.06690215,0.01810619
0.040015776,0.0629595,0.018600618
0.04478892,0.06060288,0.013267394
0.041101813,0.06102521,0.012713071
0.032041837,0.06251704,0.013388059
0.021259118,0.06614084,0.014738809
0.033820204,0.08056036,0.02362451
0.03636022,0.08566731,0.018503614
0.030954175,0.085246325,0.014435943
0.019568216,0.08006996,0.010027326
0.016248481,0.070591114,-0.0015862547
0.016435405,0.07391828,-0.024694156
0.027526349,0.08887963,-0.06944339
0.054154947,0.094668515,-0.09101979
0.06029682,0.101844,-0.08379329
0.056320265,0.09805062,-0.07474246
0.04430591,0.08689716,-0.066691175
0.038778882,0.060396113,-0.06506737
0.04634368,0.04011223,-0.0584749
0.057674512,0.041345097,-0.062719956
0.08324514,0.053281598,-0.069250725
0.10505879,0.06808792,-0.07251897
0.1141192,0.08232898,-0.07572969
0.11244872,0.08037556,-0.05353328
0.105607316,0.059799723,-0.010517608
0.11431541,0.042911768,0.024061486
0.13752317,0.04152464,0.038100533
0.16007787,0.049982764,0.030331329
0.17470632,0.052497894,0.006205708
0.17284437,0.069730036,-0.020764956
0.16485837,0.09104923,-0.033971958
0.14995179,0.11094255,-0.039416865
0.13310175,0.1316086,-0.03690465
0.12362186,0.14558578,-0.024420138
0.12350174,0.15018184,-0.0068054637
0.13530956,0.15225679,-0.0002890462
0.15384565,0.15582411,-0.0014770261
0.14977983,0.16028236,-0.0016941077
0.13188069,0.15645382,0.00214967
0.10855131,0.14709963,0.006345061
0.082181044,0.13277923,0.009870136
0.05616294,0.11304044,0.0040815594
0.05692748,0.09906556,0.004725529
0.070820436,0.10979161,0.0012101331
0.088058054,0.11881722,-0.018450221
0.11398571,0.1279791,-0.025623834
0.123642,0.13163927,-0.023363885
0.11678025,0.12541015,-0.016237844
0.10067234,0.117514804,-0.007177946
0.097454615,0.10679237,-0.0063692774
0.10549118,0.100074366,-0.02009442
0.099314496,0.09205588,-0.018856183
0.08761832,0.08211701,-0.0090231225
0.070433535,0.07099976,0.003329325
0.07092336,0.053203057,0.021209298
0.08104008,0.039925758,0.03655126
0.08463673,0.027461026,0.036726173
0.08627166,0.023653345,0.012836613
0.09839834,0.032317847,-0.006140805
0.10084866,0.044098385,-0.007099448
0.09366182,0.041220617,-0.014185302
0.08829949,0.029433819,-0.028694207
0.07671755,0.017611954,-0.04686304
0.06882187,0.019578332,-0.059343383
0.061519857,0.03372211,-0.070287526
0.059051216,0.048730608,-0.085024774
0.07189663,0.058887362,-0.101564735
0.07650781,0.06865388,-0.092259794
0.07279759,0.07335281,-0.07613368
0.06753855,0.07226447,-0.05843797
0.064273335,0.062528305,-0.039550655
0.08071496,0.04390044,-0.01609077
0.09634611,0.030194998,-0.0044182856
0.10549602,0.021630486,-0.009878803
0.10025029,0.011273442,-0.02401875
0.08933118,0.005507186,-0.043057755
0.08260461,0.009635985,-0.05937646
0.07916534,0.022978581,-0.06981906
0.06931785,0.038504936,-0.07015648
0.06363471,0.051655706,-0.059547577
0.07072476,0.064472005,-0.042392205
0.06724788,0.081111565,-0.032080766
0.059928976,0.089183986,-0.020970147
0.050376523,0.09160088,-0.009839045
0.03898786,0.09125201,0.0018600766
0.02860031,0.08799657,0.014318152
0.029254721,0.086209856,0.027188633
0.03589262,0.09397194,0.02669682
0.037584744,0.1008773,0.023424366
0.031517386,0.10215123,0.01852358
0.019462407,0.099358365,0.011828275
0.024978556,0.09827711,0.0029769158
0.032220453,0.107805684,-0.0056302072
0.04951733,0.123635,-0.009373211
0.07293607,0.13459495,-0.01820351
0.09881475,0.14809588,-0.027819227
0.11554323,0.15130633,-0.024616374
0.12366067,0.14192963,-0.015852999
0.113952145,0.13459678,0.0005191844
0.10258315,0.12557422,0.016032193
0.09452456,0.12862228,0.031688478
0.09922573,0.13711126,0.03253228
0.09739406,0.13723582,0.025309792
0.08638721,0.13226357,0.022713551
0.07203927,0.12666257,0.0226213
0.058318365,0.12034243,0.02462573
0.045889955,0.11196127,0.029537007
0.040778436,0.094307296,0.03517458
0.03480381,0.0874492,0.038945187
0.03787162,0.07277396,0.05084644
0.050303563,0.07471007,0.06602484
0.061910264,0.065654576,0.062207744
0.05520622,0.06351086,0.065624416
0.04133453,0.0643124,0.079689555
0.03227598,0.06756227,0.10227594
0.03931232,0.061612435,0.12145269
0.048978932,0.05470032,0.13133244
0.046355944,0.052420445,0.12604454
0.05408349,0.054369997,0.114609174
0.07192232,0.06257509,0.106810234
0.0761065,0.081354514,0.10596109
0.07793641,0.10190277,0.10676037
0.08568869,0.12118442,0.10086031
0.10561828,0.13972026,0.08838693
0.12120298,0.14411083,0.067171276
0.1183397,0.13813768,0.05347402
0.10760638,0.12617077,0.045983624
0.093733415,0.10714901,0.035199843
0.0879212,0.09611332,0.021301052
0.08926079,0.10683356,0.002816449
0.09150187,0.117801525,-0.01929483
0.086601585,0.12666515,-0.03520769
0.07308043,0.13562799,-0.036960162
0.069339566,0.14274274,-0.029386537
0.067667276,0.15547584,-0.019371904
0.066763856,0.1563226,-0.012727266
0.05999013,0.15541571,-0.009096636
0.051890634,0.1539302,-0.006905497
0.04134586,0.1517749,-0.0075694434
0.027505059,0.15415314,-0.008400377
0.0088979555,0.15886417,-0.008685006
0.0018366803,0.16375083,-0.007812261
0.006619347,0.17189099,-0.0022229068
0.020203216,0.17922209,0.0016196951
0.03319963,0.18543838,-0.0067878463
0.033271186,0.18360478,-0.008214075
0.027189113,0.17812292,-0.011267278
0.019032367,0.17020866,-0.018931955
0.009783573,0.15785284,-0.0313927
0.007835489,0.16120732,-0.058008455
0.010577372,0.173718,-0.08603509
0.017440133,0.18897805,-0.09525689
0.03119725,0.1898889,-0.08141112
0.036811434,0.18568438,-0.062157203
0.037068795,0.17777334,-0.04352227
0.03460124,0.16542166,-0.027708687
0.036531918,0.16058886,-0.015485309
0.051838703,0.16180106,-0.013055771
0.058587678,0.16288534,-0.00982306
0.055793792,0.15677917,-0.0006670309
0.04924608,0.14637397,0.009197205
0.040423084,0.13425115,0.016222127
0.034944143,0.119005345,0.02340595
0.04742577,0.105302945,0.014808037
0.0650429,0.10917452,0.009750295
0.089904785,0.12144832,0.01138102
0.112792835,0.1383123,0.014857577
0.13464546,0.15334088,0.008980478
0.16263062,0.16383976,0.0022260346
0.19348511,0.17017165,-0.0034779112
0.21218315,0.18370052,-0.016175637
0.22500858,0.19746335,-0.018877996
0.2439354,0.20567717,-0.019441262
0.24648792,0.19986016,-0.03373992
0.25230697,0.20347741,-0.04520828
0.24017622,0.19454268,-0.04930093
0.21435478,0.17882448,-0.050953865
0.20284393,0.17687875,-0.06614763
0.20288368,0.18470491,-0.0864016
0.19248705,0.1982141,-0.116188705
0.17810032,0.20342264,-0.15297206
0.17066298,0.20740592,-0.18773904
0.16727781,0.20874193,-0.22155872
0.16269858,0.20523916,-0.25338513
0.15814847,0.19980863,-0.275594
0.1626753,0.18486749,-0.26997247
0.16381823,0.17544915,-0.2605999
0.16358025,0.16671318,-0.25111035
0.15809262,0.15908079,-0.25091484
0.15462393,0.15594237,-0.24790166
0.15172304,0.1529333,-0.2505217
0.1426501,0.14665994,-0.23718196
0.1179869,0.13195902,-0.23128396
0.10103603,0.12092805,-0.22157483
0.09395908,0.11574615,-0.20388593
0.09181494,0.11242251,-0.20291132
0.09319946,0.11617769,-0.17269963
0.08479285,0.115144156,-0.13880804
0.07098879,0.1123618,-0.10552978
0.053564426,0.10687462,-0.07343141
0.04462023,0.08788441,-0.040019773
0.04788291,0.08028155,-0.029470364
0.047812052,0.077658206,-0.025853382
0.03972856,0.07342816,-0.016761163
0.025313176,0.06868118,-0.00518978
0.022850601,0.06568002,0.0023089675
0.032358896,0.06649243,0.0060883895
0.056969225,0.061277818,-0.0046033207
0.084499,0.05554789,-0.014403354
0.0908767,0.056274064,-0.008151906
0.08455953,0.05541016,0.002269654
0.07137976,0.05182417,0.0123401545
0.07011143,0.057688944,0.018264178
0.08012408,0.07063658,0.026547953
0.10431196,0.078449726,0.034887817
0.11669952,0.07833667,0.035943996
0.10980483,0.07621754,0.03821144
0.095589,0.07240041,0.040404327
0.08630916,0.077711016,0.04089365
0.08387857,0.08712908,0.03683339
0.09278999,0.09869887,0.027884109
0.114090025,0.11229392,0.023622373
0.14228685,0.11176003,0.01092698
0.15464881,0.10270417,-0.008503202
0.15033028,0.08784141,-0.011401761
0.13480231,0.08124207,-0.008033546
0.11653583,0.074004784,0.00042971363
0.10243762,0.05810456,0.0070378426
0.08650874,0.03987127,0.00927427
0.080855586,0.018144164,0.007421676
0.07747919,-0.0020639086,0.00983429
0.08134009,-0.017791653,0.0057970313
0.07842691,-0.024143886,-0.011327341
0.07161748,-0.01988318,-0.03320367
0.057265434,-0.011374831,-0.052688144
0.03316026,0.0020129206,-0.07447052
0.024636053,0.025773186,-0.08992831
0.024527842,0.051458504,-0.096856214
0.031460784,0.076652974,-0.0923684
0.037732802,0.09183037,-0.07488878
0.0400231,0.08797344,-0.06092429
0.047307037,0.07405231,-0.050509103
0.057419237,0.063412525,-0.04607312
0.07094553,0.068337396,-0.044695664
0.08458283,0.07670828,-0.047404617
0.09248296,0.076686636,-0.04505535
0.08550507,0.07254839,-0.032030094
0.06972216,0.06676006,-0.011684698
0.06623028,0.053796116,0.018066008
0.071606055,0.051386725,0.028611781
0.086206965,0.06182701,0.019936096
0.09285752,0.07041296,-0.005865453
0.10184606,0.07609551,-0.030013999
0.112147056,0.08805045,-0.06068767
0.11477507,0.09788525,-0.08206555
0.1121238,0.10628955,-0.08862108
0.10705255,0.12206832,-0.08039503
0.11551094,0.13545054,-0.07710889
0.11474481,0.14653769,-0.07126201
0.103630625,0.1524997,-0.06342227
0.08820585,0.15508261,-0.05774801
0.07205837,0.15688802,-0.056657013
0.056349993,0.15930614,-0.061175317
0.05335976,0.16606207,-0.07740813
0.053049386,0.16358769,-0.07575375
0.047092028,0.1611778,-0.078417785
0.046453416,0.16632232,-0.092965044
0.04709454,0.1764617,-0.099415176
0.044845548,0.17995523,-0.104207925
0.045751553,0.1744957,-0.11113885
0.054166786,0.16504167,-0.12621197
0.068435386,0.15490298,-0.14197052
0.088329375,0.14870799,-0.15534446
0.09954732,0.15368399,-0.18957986
0.10349686,0.15924062,-0.17040937
0.097326785,0.16028872,-0.14550002
0.08842291,0.15784846,-0.12369115
0.07725727,0.15357403,-0.10260384
0.064940564,0.1487487,-0.085010804
0.052663002,0.14455453,-0.070587695
0.042096745,0.14097509,-0.05989942
0.05415988,0.13590914,-0.08567159
0.05204004,0.13182703,-0.079087466
0.04452142,0.12678656,-0.06528789
0.036132645,0.120299235,-0.05059236
0.03265135,0.11210938,-0.03836835
0.041097812,0.101536036,-0.03273691
0.044512626,0.09173825,-0.031471968
0.05302028,0.07969009,-0.043174475
0.060143642,0.06703127,-0.052263327
0.06340823,0.047068287,-0.061092988
0.05318335,0.03932804,-0.059324693
0.04335854,0.03836437,-0.052149333
0.047542706,0.037553985,-0.045267347
0.06159973,0.033991896,-0.038872268
0.070196435,0.03458076,-0.030742403
0.067368194,0.038150687,-0.018647982
0.058493413,0.039516307,-0.009455023
0.059667718,0.039003897,-0.0112968795
0.065091416,0.042193092,-0.016063271
0.06512466,0.054382786,-0.025524426
0.06046493,0.056710824,-0.019546932
0.04966836,0.051275805,-0.010029088
0.042220958,0.04265446,-0.016399765
0.04409387,0.036120422,-0.03633607
0.05523599,0.019599741,-0.060548875
0.066805005,0.009000525,-0.081155926
0.070910186,0.0007897257,-0.09224178
0.075252086,-0.0081249885,-0.093052536
0.07469503,-0.025441108,-0.08928445
0.07967824,-0.035652436,-0.06217023
0.08357065,-0.052091815,-0.030147796
0.080785014,-0.07014272,-0.0072556566
0.08481087,-0.07745857,-0.00082710944
0.083691664,-0.07036111,-0.0009997123
0.079685695,-0.06415858,-0.0033189259
0.073809326,-0.054995436,-0.0061968802
0.064112514,-0.042426687,-0.0134270545
0.044767372,-0.024354864,-0.023893569
0.023898914,-0.005277727,-0.04224574
0.010298007,0.014060165,-0.062702484
0.012554908,0.039478127,-0.085926816
0.024253644,0.0598355,-0.08871193
0.028763242,0.073211245,-0.08943092
0.031496547,0.080369174,-0.09243605
0.03141369,0.09175299,-0.10263083
0.030158695,0.10652135,-0.118265
0.027057247,0.1215447,-0.12837675
0.030921135,0.13664237,-0.13805392
0.04125212,0.14339232,-0.1266778
0.041509952,0.13736127,-0.123252064
0.039427053,0.13073415,-0.13227662
0.04469946,0.12918125,-0.14623542
0.055323802,0.1284881,-0.14561915
0.06825241,0.12652612,-0.13081048
0.082411185,0.12702717,-0.116100185
0.1019527,0.13129538,-0.10309615
0.12550165,0.13363062,-0.086789295
0.14468744,0.12572919,-0.075625464
0.16844794,0.13217176,-0.05478345
0.18397054,0.12239426,-0.05082169
0.2056753,0.13406351,-0.04145441
0.21345301,0.12978962,-0.04316948
0.22466809,0.14835113,-0.037483674
0.22879525,0.14525308,-0.0492082
0.23176265,0.16553415,-0.060857907
0.23850001,0.1839695,-0.064651474
0.24035555,0.20110805,-0.066049844
0.23891677,0.22214073,-0.0703618
0.23688887,0.23584,-0.080545574
0.23694143,0.22125846,-0.092102826
0.23369178,0.22186017,-0.11063218
0.23070657,0.22118244,-0.12162341
0.22725159,0.2131642,-0.12969244
0.21618024,0.21076109,-0.124165155
0.20835456,0.20650539,-0.11791037
0.20437874,0.2059871,-0.12247109
0.20595577,0.2033582,-0.12487003
0.19441466,0.19925454,-0.11740756
0.17102116,0.18644924,-0.105604135
0.13953753,0.1643144,-0.10351524
0.10324897,0.13614722,-0.1022207
0.07105032,0.11997218,-0.09459891
0.07356119,0.106619954,-0.08047329
0.08280808,0.10579398,-0.06812508
0.1042577,0.090756424,-0.06042501
0.10835052,0.087969474,-0.041354526
0.09880256,0.08569173,-0.01882108
0.08174164,0.083142206,0.006004641
0.068959855,0.073877305,0.028818712
0.06142702,0.074269034,0.044845197
0.057421137,0.074353404,0.0420756
0.0509294,0.072351865,0.039498888
0.04005271,0.07090567,0.03967852
0.025963824,0.06914522,0.043051116
0.008375162,0.070798814,0.047209796
-0.0027812333,0.07948613,0.056928735
-0.0046505537,0.08811747,0.06875236
-0.00032069464,0.09424803,0.0695412
0.0036895424,0.09085602,0.057325896
-0.004656031,0.08665792,0.05593175
-0.017431114,0.09132497,0.067567825
-0.023276579,0.09690756,0.058333687
-0.002665799,0.10317201,0.032784194
0.013113543,0.1066141,0.016004462
0.01937024,0.10362228,0.005575232
0.018557757,0.098225445,0.0014003739
0.011867456,0.0918676,0.00023096352
-0.0014868593,0.086456925,0.00059168576
-0.016960615,0.08050489,0.003190118
-0.026765294,0.08123898,0.004723912
-0.031299423,0.08226927,0.002406747
-0.033950355,0.0846935,-0.0065856064
-0.03900391,0.08902532,-0.018478539
-0.05623285,0.10398005,-0.028817663
-0.057957884,0.12342574,-0.029555928
-0.049185943,0.14382458,-0.026556544
-0.033402145,0.15748324,-0.03539236
-0.016213685,0.17096388,-0.049384434
0.0017492473,0.17940246,-0.0626902
0.021076996,0.18472704,-0.07913155
0.03724169,0.19077288,-0.10235642
0.051346295,0.19364375,-0.12239942
0.057931952,0.18912904,-0.14867365
0.06744695,0.18058805,-0.15138333
0.07930664,0.17228435,-0.1522358
0.097649574,0.16529763,-0.15028822
0.1113974,0.16662754,-0.13701814
0.11976542,0.1630608,-0.12437156
0.1194619,0.15721393,-0.098742284
0.108774304,0.14770074,-0.072874926
0.09356269,0.13510945,-0.051342078
0.07950868,0.11924098,-0.034127254
0.0854764,0.10365071,-0.035612583
0.09907528,0.102118045,-0.02993341
0.11562617,0.09874775,-0.03671544
0.12817091,0.10293572,-0.03441312
0.13845795,0.11074049,-0.033866234
0.15184368,0.118612036,-0.028443513
0.15978633,0.12664029,-0.02464949
0.16955222,0.13274598,-0.023334786
0.18870573,0.14235961,-0.021592194
0.20994689,0.15438262,-0.024810484
0.22285898,0.17508078,-0.036991864
0.22297734,0.19735734,-0.047707617
0.20935625,0.22506979,-0.05942858
0.20379879,0.23888639,-0.06499908
0.19814971,0.22810885,-0.072288774
0.18870817,0.24721909,-0.08476785
0.18035959,0.24334893,-0.08725102
0.15885258,0.22826636,-0.08197155
0.13975954,0.21372963,-0.08299684
0.12415365,0.21131566,-0.0891594
0.1251856,0.19276501,-0.095072016
0.12539686,0.20575649,-0.11254488
0.13168804,0.22167423,-0.11958969
0.14292955,0.21244416,-0.12155228
0.14710522,0.22915268,-0.13622083
0.14217699,0.22590931,-0.12876716
0.12943897,0.21500054,-0.11924427
0.11130434,0.19579929,-0.109564275
0.0995229,0.19736592,-0.11427004
0.10511271,0.17936495,-0.117720634
0.11146624,0.19308704,-0.13622086
0.11101594,0.20615166,-0.14709285
0.10864632,0.19894207,-0.14177023
0.09252157,0.20553339,-0.14254759
0.10204685,0.19129592,-0.13973652
0.09910862,0.20447038,-0.1456984
0.10593091,0.19592577,-0.13764998
0.11380773,0.1902605,-0.1264503
0.11429191,0.19614875,-0.11764147
0.115552224,0.19124249,-0.10322103
0.11176927,0.18582313,-0.100589946
0.11317197,0.1752178,-0.09275112
0.11375432,0.17404687,-0.08893397
0.12226662,0.17299435,-0.076731436
0.13606454,0.16326052,-0.07067487
0.13190672,0.16241045,-0.06016696
0.11643941,0.15744884,-0.04614123
0.09581917,0.15056174,-0.03361378
0.074177675,0.1429879,-0.024438184
0.053422138,0.13483013,-0.018369619
0.034825772,0.12568103,-0.014655756
0.022034934,0.11673326,-0.012773656
0.013945611,0.105285026,-0.006355498
0.023597647,0.09233506,-0.011861014
0.0443243,0.107595846,-0.018470114
0.067472406,0.109365575,-0.02975856
0.07531351,0.113979444,-0.039599143
0.082592495,0.12832257,-0.054208033
0.09138325,0.15100574,-0.06946505
0.10265333,0.17537867,-0.08384219
0.108786434,0.17558174,-0.07905489
0.1164131,0.16547354,-0.076301076
0.112687245,0.16355316,-0.07241647
0.098217994,0.15600504,-0.06340265
0.08106672,0.14689896,-0.05475149
0.07753284,0.13811655,-0.05744679
0.07995379,0.15195103,-0.0678555
0.07471545,0.15612017,-0.069246195
0.06269114,0.16419148,-0.074434154
0.053207733,0.17746244,-0.07485862
0.051590625,0.18417558,-0.06418856
0.06846276,0.17351194,-0.067553625
0.07344534,0.17653829,-0.065957464
0.08135453,0.17077532,-0.06354538
0.08959611,0.16823931,-0.061651967
0.099863395,0.17055035,-0.06636776
0.102854945,0.17361465,-0.06776357
0.11113369,0.16907755,-0.062401332
0.12527326,0.1668889,-0.05886463
0.14107233,0.16494814,-0.058450364
0.15129969,0.1627305,-0.056687288
0.16460693,0.15740578,-0.050237857
0.18106505,0.15333077,-0.040148184
0.18284209,0.15319185,-0.034367237
0.18249802,0.15207632,-0.02419761
0.1784757,0.14323793,-0.01361013
0.1752896,0.14135253,-0.012997999
0.16865519,0.14389232,-0.016191397
0.16561025,0.14847755,-0.016854372
0.17147005,0.15383111,-0.018205818
0.18313059,0.15614519,-0.027914831
0.19202125,0.15712409,-0.039118737
0.20018415,0.15850265,-0.050382964
0.2131915,0.16114095,-0.059711806
0.2188462,0.16991204,-0.06671628
0.21164808,0.1803124,-0.059364323
0.18987995,0.17972952,-0.04841614
0.16230421,0.17538552,-0.037820004
0.13303433,0.16740265,-0.030194229
0.10861635,0.15850389,-0.027167153
0.09335459,0.15217645,-0.028773326
0.089828946,0.14496559,-0.024060398
0.07746136,0.14326537,-0.019687302
0.06072112,0.13926296,-0.016219316
0.042404324,0.13481195,-0.015022941
0.023356061,0.13045713,-0.017079193
0.016859686,0.12548918,-0.018307585
0.026170034,0.12452805,-0.01159275
0.041869164,0.13086605,-0.0011587087
0.054630056,0.13437615,0.008149621
0.056500204,0.13328296,0.013749443
0.052146688,0.13087009,0.018195704
0.043383565,0.12843017,0.0214347
0.032257043,0.12626106,0.022154177
0.019864,0.124762595,0.021541923
0.0063906964,0.124982,0.019480556
-0.0006861044,0.13134527,0.0034212768
-0.00033958702,0.13539857,-0.009199543
0.0024232182,0.13529058,-0.014911565
0.0032069054,0.13314416,-0.012521389
0.0024128382,0.12866521,-0.008008417
0.0013046244,0.12274538,-0.0009631952
0.0003288089,0.1168399,0.010259417
0.015984675,0.09830311,0.017716989
0.042403817,0.088910915,0.015442874
0.07010708,0.10035955,-0.002477196
0.09953287,0.12129463,-0.031221893
0.12505645,0.1476633,-0.05590629
0.14801851,0.15834929,-0.070356436
0.14648716,0.14811355,-0.063457556
0.12796792,0.13429223,-0.04947946
0.10124049,0.12098246,-0.03406779
0.09877557,0.10762004,-0.020667434
0.1054077,0.10316899,-0.015702758
0.1123418,0.10702055,-0.028270707
0.12277472,0.11875424,-0.04353915
0.11664668,0.12201996,-0.049644075
0.10289711,0.11820839,-0.042014185
0.08424127,0.11087944,-0.030872157
0.06092465,0.10159335,-0.018813368
0.03379333,0.088163964,-0.0067241006
0.017254816,0.07218979,0.009591892
0.0129796965,0.06841126,0.017996982
0.033639282,0.062377375,0.0002950579
0.042649508,0.062416002,-0.0043697995
0.05427698,0.068345666,-0.011478678
0.05174085,0.068756685,-0.012600262
0.038390957,0.06254451,-0.0056206677
0.020918613,0.0512415,-0.00018992973
0.010797119,0.029510789,-0.0013798911
0.010552249,0.026620008,0.0036803032
0.0146288015,0.031726144,0.011154862
0.022272289,0.038635813,0.0084647
0.02770345,0.046365935,0.00645385
0.015106315,0.042965516,0.012063775
0.008690346,0.044171683,0.019705173
0.013305378,0.04991669,0.0032710424
0.013260156,0.056910925,-0.0036851014
0.007643519,0.058746055,-0.0041734916
-0.003028932,0.053917494,-0.003106397
-0.019756118,0.042709995,-0.005948784
-0.042650945,0.028444128,-0.0003297939
-0.04603082,0.026695926,0.0047056885
-0.030988345,0.038859237,-0.004283948
-0.014002251,0.048945066,-0.022963574
-0.003663775,0.05854948,-0.025664303
-0.0012566927,0.059765235,-0.017831115
-0.005985497,0.05402962,-0.0036369702
-0.00079840235,0.04155953,0.009652803
0.018220767,0.03697202,0.0135862995
0.045255855,0.04079199,0.011660677
0.06928486,0.04684306,0.0057879956
0.07583697,0.04886592,-0.019867333
0.079994306,0.061261043,-0.05328227
0.086760335,0.08202696,-0.08237334
0.07960182,0.1045115,-0.106906295
0.060834095,0.12518911,-0.12380931
0.048117284,0.13810924,-0.1277807
0.03584384,0.15131363,-0.12529586
0.031195218,0.15811656,-0.104109466
0.030078914,0.16081274,-0.07563744
0.034449004,0.15931952,-0.047605336
0.053808477,0.15618381,-0.015631404
0.08141598,0.16023406,0.008160021
0.107371226,0.17064664,0.021078529
0.12763256,0.18412407,0.01796749
0.13567708,0.1898379,0.016291603
0.13657343,0.20132326,0.015399188
0.13297884,0.2158928,0.002097628
0.12672803,0.22576767,-0.013115404
0.11852308,0.24089444,-0.034326736
0.11418079,0.25271663,-0.053115875
0.11924371,0.26225328,-0.06614094
0.12565729,0.2711452,-0.070590094
0.13186353,0.28190553,-0.075547844
0.14428417,0.26250413,-0.07948452
0.14118217,0.250864,-0.075530864
0.12805589,0.23589535,-0.06837743
0.11204146,0.22192247,-0.06571381
0.09750644,0.20977628,-0.06827584
0.09345469,0.20908192,-0.07596698
0.09656294,0.21974824,-0.08970849
0.096941404,0.23132229,-0.09559973
0.11020897,0.2296763,-0.09360361
0.12600143,0.23399127,-0.09792979
0.1389493,0.24149728,-0.095412105
0.14842871,0.24918582,-0.089740254
0.16189949,0.25142038,-0.08210806
0.1874771,0.25109473,-0.07857943
0.19675562,0.25009376,-0.06955796
0.20286375,0.227415,-0.066633336
0.20752805,0.22122048,-0.06322732
0.21498299,0.20869228,-0.054875523
0.23929837,0.19626063,-0.044567756
0.25635684,0.19273578,-0.031891778
0.2709013,0.18970643,-0.02012753
0.28612205,0.18566988,-0.02014023
0.29467037,0.19034927,-0.014429307
0.30152637,0.19490871,-0.011853275
0.29678568,0.205013,-0.0024094637
0.29923913,0.21142319,0.0046057054
0.28655875,0.22206989,0.014215485
0.27197117,0.22278868,0.025981203
0.26849478,0.2259379,0.029891327
0.26174164,0.23092136,0.032474637
0.25042066,0.21652327,0.022293264
0.2485641,0.225374,0.017146187
0.23102002,0.22401829,0.014115217
0.20779605,0.22214353,0.014321704
0.18072492,0.21528193,0.016735101
0.1501507,0.20593287,0.016730126
0.12179444,0.19811559,0.012517958
0.0956748,0.18882981,0.009101678
0.07492668,0.18359745,0.0014104364
0.056864537,0.17750841,-0.0044043506
0.038882624,0.16987486,-0.011223584
0.027803538,0.18587004,-0.03630341
0.027419921,0.18728232,-0.038302306
0.022160059,0.18419883,-0.039569434
0.015569467,0.1792351,-0.042764045
0.010418419,0.17450328,-0.0488822
0.0074919034,0.18689665,-0.06964387
0.010557815,0.17745379,-0.067133896
0.009752164,0.18709025,-0.08056604
0.01922847,0.17898192,-0.07095437
0.032283835,0.1617099,-0.0665498
0.03295057,0.15424031,-0.057569373
0.026504524,0.14428216,-0.046867825
0.01670807,0.13258243,-0.03748852
0.02450962,0.12438744,-0.04588803
0.022867333,0.12892616,-0.056684755
0.018906632,0.15060467,-0.0700485
0.02646777,0.15760712,-0.07103189
0.025557356,0.16671702,-0.069808304
0.030015405,0.17447713,-0.07265212
0.046638295,0.1719957,-0.07188565
0.061708987,0.1793713,-0.06881151
0.06942031,0.18915883,-0.06882157
0.08824882,0.18581726,-0.06807897
0.089464165,0.19137242,-0.073666826
0.09446468,0.19814268,-0.077799134
0.09875938,0.19550936,-0.071633995
0.10039701,0.19102244,-0.062689304
0.104807764,0.18474184,-0.044797864
0.10518563,0.1866094,-0.032373693
0.114153154,0.19539127,-0.022393808
0.12381826,0.20974046,-0.020170076
0.1342893,0.22118378,-0.023908036
0.13643822,0.21889386,-0.020041322
0.13135123,0.20842311,-0.018643992
0.1299049,0.21375513,-0.022814484
0.13972245,0.22240272,-0.035666358
0.1437418,0.21987636,-0.034344286
0.13292772,0.21110576,-0.026766354
0.118309334,0.20208015,-0.024171054
0.09928463,0.19244659,-0.022077834
0.0800565,0.18336333,-0.02528362
0.06359443,0.17494062,-0.033209678
0.05171766,0.17053512,-0.04493733
0.052243195,0.18403345,-0.06414468
0.050833292,0.183888,-0.06326606
0.043403566,0.17615122,-0.06201841
0.042575575,0.1747069,-0.06668418
0.04506755,0.16599746,-0.063023485
0.05654017,0.15178062,-0.07114357
0.067540936,0.16828777,-0.09495187
0.08731568,0.18218347,-0.11768864
0.10532044,0.1900576,-0.13060062
0.11277696,0.18563929,-0.12191637
0.1085625,0.17167225,-0.10787502
0.10752229,0.1562015,-0.09669431
0.115275174,0.13768925,-0.09213054
0.12405856,0.13477704,-0.09421902
0.13280272,0.13365331,-0.09472029
0.14764568,0.13065514,-0.08614058
0.15928642,0.12964368,-0.080121905
0.14989656,0.13587424,-0.06996482
0.1287233,0.1376211,-0.05734441
0.10318148,0.13634609,-0.04612045
0.07664849,0.13223764,-0.03793605
0.04976847,0.12441522,-0.032874346
0.030532695,0.12111861,-0.028887954
0.03236264,0.12694223,-0.02370687
0.046947904,0.13557917,-0.027234152
0.0635583,0.15138544,-0.042022377
0.078354105,0.14780788,-0.03628702
0.09128077,0.1311469,-0.023979573
0.10710478,0.12941435,-0.023901017
0.115334146,0.13980727,-0.026628552
0.13192318,0.13511851,-0.030752195
0.14646704,0.14731923,-0.036242545
0.15235293,0.1501803,-0.03861708
0.1467978,0.14692175,-0.039279304
0.13670936,0.14010647,-0.039770067
0.13172947,0.13845508,-0.05302224
0.13533902,0.1319204,-0.06287423
0.13361114,0.13393643,-0.07919411
0.12641847,0.13532239,-0.09267477
0.12042183,0.15478125,-0.11896056
0.11950392,0.17152381,-0.14309986
0.11757039,0.17311269,-0.14837554
0.10219812,0.16465737,-0.14128204
0.08625473,0.17245032,-0.14050233
0.086674586,0.18548511,-0.13800864
0.10411836,0.17597874,-0.13478048
0.10317752,0.1753484,-0.12896134
0.08884237,0.17060463,-0.12257838
0.06712461,0.16408655,-0.12052031
0.04939759,0.169113,-0.13229004
0.041817024,0.17822301,-0.14679871
0.0388769,0.17920901,-0.15195996
0.033467967,0.18236868,-0.15210567
